[
  {
    "name": "file",
    "type": "image",
    "label": "Image",
    "importance": "high",
    "disableCopyright": true
  },
  {
    "name": "decorative",
    "type": "boolean",
    "label": "Decorative only",
    "default": false,
    "description": "Enable this option if the image is purely decorative and does not add any information to the content on the page. It will be ignored by screen readers and not given any alternative text."
  },
  {
    "name": "alt",
    "type": "text",
    "label": "Alternative text",
    "importance": "high",
    "description": "Required. If the browser can't load the image this text will be displayed instead. Also used by \"text-to-speech\" readers.",
    "widget": "showWhen",
    "showWhen": {
      "rules": [
        {
          "field": "decorative",
          "equals": false
        }
      ],
      "nullWhenHidden": true
    }
  },
  {
    "name": "title",
    "type": "text",
    "label": "Hover text",
    "importance": "low",
    "description": "Optional. This text is displayed when the users hover their pointing device over the image.",
    "optional": true
  },
  {
    "name": "contentName",
    "type": "text",
    "label": "Image content name",
    "importance": "low",
    "common": true,
    "default": "Image"
  },
  {
    "name": "expandImage",
    "type": "text",
    "label": "Expand Image",
    "importance": "low",
    "common": true,
    "default": "Expand Image"
  },
  {
    "name": "minimizeImage",
    "type": "text",
    "label": "Minimize Image",
    "importance": "low",
    "common": true,
    "default": "Minimize Image"
  }
]
