{"title":"Test : Reconna\u00eetre une image g\u00e9n\u00e9r\u00e9e par l'intelligence artificielle","language":"und","mainLibrary":"H5P.QuestionSet","embedTypes":["iframe"],"license":"U","defaultLanguage":"fr","preloadedDependencies":[{"machineName":"H5P.Image","majorVersion":"1","minorVersion":"1"},{"machineName":"H5P.TrueFalse","majorVersion":"1","minorVersion":"8"},{"machineName":"FontAwesome","majorVersion":"4","minorVersion":"5"},{"machineName":"H5P.FontIcons","majorVersion":"1","minorVersion":"0"},{"machineName":"H5P.JoubelUI","majorVersion":"1","minorVersion":"3"},{"machineName":"H5P.Transition","majorVersion":"1","minorVersion":"0"},{"machineName":"H5P.Question","majorVersion":"1","minorVersion":"5"},{"machineName":"H5P.QuestionSet","majorVersion":"1","minorVersion":"20"},{"machineName":"H5P.Video","majorVersion":"1","minorVersion":"6"}]}