{"media":{"disableImageZooming":false},"taskDescription":"Déplacez les textes dans les emplacements qui leur correspondent.","overallFeedback":[{"from":0,"to":100}],"checkAnswer":"Vérifier","submitAnswer":"Vérifier","tryAgain":"Recommencer","showSolution":"Voir la correction","dropZoneIndex":"Zone de dépôt @index.","empty":"La zone de dépôt @index est vide.","contains":"La zone de dépôt @index contient un élément déplaçable @draggable.","ariaDraggableIndex":"@index sur @count éléments déplaçables.","tipLabel":"Montrer l'indice","correctText":"Correct !","incorrectText":"Incorrect !","resetDropTitle":"Reparamétrer le déplacement","resetDropDescription":"Etes-vous certain de vouloir reparamétrer cet élément déplaçable ?","grabbed":"L'élément déplaçable est saisi.","cancelledDragging":"Annuler le déplacement.","correctAnswer":"Réponse correcte :","feedbackHeader":"Commentaire de retour","behaviour":{"enableRetry":true,"enableSolutionsButton":true,"enableCheckButton":true,"instantFeedback":false},"scoreBarLabel":"Vous avez obtenu :num sur un total de :points","a11yCheck":"Check the answers. The responses will be marked as correct, incorrect, or unanswered.","a11yShowSolution":"Afficher la solution. La tâche sera notée avec sa solution correcte.","a11yRetry":"Réessayer la tâche. Réinitialiser toutes les réponses et recommencer la tâche.","textField":"Hubert Dreyfus publie une critique de la notion d&#039;IA en contestant le fait que l&#039;intelligence ne soit réduite qu&#039;à une simple fonction de calcul\n*1965*\n\nEliza, le premier chatbot voit le jour\n*1966*\n\nFei Fei Li initie ImageNet, l&#039;une des plus grandes bases ouvertes d&#039;images du web\n*2009*\n\nSiri, l&#039;assistant vocal d&#039;Apple débarque dans les maison\n*2011*\n\nUn test voit le jour pour déterminer si on a affaire à une machine ou à un humain\n*1950*\n\nLe terme d&#039;&quot;intelligence artificielle&quot; fait son apparition à la conférence de Dartmouth College\n*1956*\n\nFrank Rosenblatt invente à l&#039;Université Cornell le premier algorithme d&#039;apprentissage supervisé au moyen d&#039;un réseau de neurones, le Perceptron[^1]\n*1957*\n\nDeep Blue bat Kasparov aux échecs\n*1997*\n\nSuite à des plaintes, Facebook ferme son système de reconnaissance faciale qu&#039;il avait ouvert l&#039;année précédente\n*2012*\n\nDes IA traitent des données provenant de réseaux sociaux pour influencer le vote des électeurs\n*2016*\n\nLe Allen Institute fait paraître le premier article (&quot;Green AI&quot;) qui mesure directement l&#039;impact environnemental suscité par les IA\n*2019*\n\nLlama 2 un modèle de langage aussi puissant que GPT est mis à la disposition des internautes par Facebook\n*2023*"}