{
  "title": "Question Set",
  "description": "Put together a set of different questions that has to be solved. (Quiz)",
  "contentType": "question",
  "majorVersion": 1,
  "minorVersion": 20,
  "patchVersion": 11,
  "embedTypes": [
    "iframe"
  ],
  "runnable": 1,
  "fullscreen": 0,
  "machineName": "H5P.QuestionSet",
  "author": "Joubel",
  "coreApi": {
    "majorVersion": 1,
    "minorVersion": 19
  },
  "license": "MIT",
  "preloadedJs": [
    {
      "path": "js/questionset.js"
    }
  ],
  "preloadedCss": [
    {
      "path": "css/questionset.css"
    }
  ],
  "preloadedDependencies": [
    {
      "machineName": "FontAwesome",
      "majorVersion": 4,
      "minorVersion": 5
    },
    {
      "machineName": "H5P.Video",
      "majorVersion": 1,
      "minorVersion": 6
    },
    {
      "machineName": "H5P.JoubelUI",
      "majorVersion": 1,
      "minorVersion": 3
    }
  ],
  "editorDependencies": [
    {
      "machineName": "H5PEditor.RangeList",
      "majorVersion": 1,
      "minorVersion": 0
    },
    {
      "machineName": "H5PEditor.VerticalTabs",
      "majorVersion": 1,
      "minorVersion": 3
    },
    {
      "machineName": "H5PEditor.QuestionSetTextualEditor",
      "majorVersion": 1,
      "minorVersion": 3
    },
    {
      "machineName": "H5PEditor.ShowWhen",
      "majorVersion": 1,
      "minorVersion": 0
    }
  ]
}