{"embedTypes":["iframe"],"language":"en","defaultLanguage":"fr","license":"U","extraTitle":"quelle quantité d&#039;énergie utilise t-on lorsqu&#039;on utilise des grands modèles de langage (rapporté au temps de charge d&#039;un smartphone moyenne game) ?","title":"quelle quantité d&#039;énergie utilise t-on lorsqu&#039;on utilise des grands modèles de langage (rapporté au temps de charge d&#039;un smartphone moyenne game) ?","mainLibrary":"H5P.DragQuestion","preloadedDependencies":[{"machineName":"H5P.AdvancedText","majorVersion":1,"minorVersion":1},{"machineName":"H5P.Image","majorVersion":1,"minorVersion":1},{"machineName":"FontAwesome","majorVersion":4,"minorVersion":5},{"machineName":"jQuery.ui","majorVersion":1,"minorVersion":10},{"machineName":"H5P.JoubelUI","majorVersion":1,"minorVersion":3},{"machineName":"H5P.Transition","majorVersion":1,"minorVersion":0},{"machineName":"H5P.FontIcons","majorVersion":1,"minorVersion":0},{"machineName":"H5P.Question","majorVersion":1,"minorVersion":5},{"machineName":"H5P.DragQuestion","majorVersion":1,"minorVersion":14}]}