{"scoreShow":"Vérifier","submit":"Soumettre","tryAgain":"Recommencer","scoreExplanation":"Les réponses correctes donnent droit à +1 point. Les réponses incorrectes à -1 point. Le score le plus bas possible est 0.","question":{"settings":{"size":{"width":620,"height":310}},"task":{"elements":[{"x":77.41935483870968,"y":16.129032258064516,"width":5,"height":5,"dropZones":[],"type":{"library":"H5P.AdvancedText 1.1","params":{"text":"<p>1 charge complète pour une seule inférence</p>\n"},"subContentId":"ff871566-1f23-41ca-925d-2643528c0078","metadata":{"contentType":"Text","license":"U","title":"Sans titre Text","authors":[],"changes":[]}},"backgroundOpacity":100,"multiple":false},{"x":56.45161290322581,"y":19.35483870967742,"width":5,"height":5,"dropZones":[],"type":{"library":"H5P.AdvancedText 1.1","params":{"text":"<p>4 charges complètes pour 1000 inférences</p>\n"},"subContentId":"5d4addd7-5e5f-4cdd-9e5e-99260efe562c","metadata":{"contentType":"Text","license":"U","title":"Sans titre Text","authors":[],"changes":[]}},"backgroundOpacity":100,"multiple":false},{"x":4.838709677419355,"y":16.129032258064516,"width":5.25,"height":6.375,"dropZones":[],"type":{"library":"H5P.AdvancedText 1.1","params":{"text":"<p>17% d'une charge complète pour 1000 inférences</p>\n"},"subContentId":"e6b1009b-45b7-4bbb-a4b8-a39989a91be5","metadata":{"contentType":"Text","license":"U","title":"Sans titre Text","authors":[],"changes":[]}},"backgroundOpacity":100,"multiple":false},{"x":33.87096774193548,"y":16.129032258064516,"width":5,"height":5,"dropZones":[],"type":{"library":"H5P.AdvancedText 1.1","params":{"text":"<p>58% d'une charge complète pour 1000 inférences</p>\n"},"subContentId":"297bb4d0-f1bf-43df-9ac3-908599a51457","metadata":{"contentType":"Text","license":"U","title":"Sans titre Text","authors":[],"changes":[]}},"backgroundOpacity":100,"multiple":false},{"x":74.19354838709677,"y":70.96774193548387,"width":7.5,"height":3.75,"dropZones":["0"],"type":{"library":"H5P.Image 1.1","params":{"decorative":false,"contentName":"Image","expandImage":"élargir l&#039;image","minimizeImage":"réduire l&#039;image","file":{"path":"images/image-msJvrGb0.png","mime":"image/png","copyright":{"license":"U"},"width":835,"height":413},"alt":"classification de commentaires déposés par des utilisateurs sur la plateforme de films IMDB","title":"classification de commentaires déposés par des utilisateurs sur la plateforme de films IMDB"},"subContentId":"d9f684da-2780-4ff7-bd52-4c6e729003d2","metadata":{"contentType":"Image","license":"U","title":"Sans titre Image","authors":[],"changes":[]}},"backgroundOpacity":100,"multiple":false},{"x":3.225806451612903,"y":67.74193548387096,"width":7.6015625,"height":4.375,"dropZones":["2"],"type":{"library":"H5P.Image 1.1","params":{"decorative":false,"contentName":"Image","expandImage":"élargir l&#039;image","minimizeImage":"réduire l&#039;image","file":{"path":"images/image-tCgcdT2j.png","mime":"image/png","copyright":{"license":"U"},"width":1067,"height":613},"alt":"discussion moyenne avec un chatbot (type ChatGPT)","title":"discussion moyenne avec un chatbot (type ChatGPT)"},"subContentId":"2ce95192-8834-4566-a6e7-63609c7e2ee8","metadata":{"contentType":"Image","license":"U","title":"Sans titre Image","authors":[],"changes":[]}},"backgroundOpacity":100,"multiple":false},{"x":29.032258064516128,"y":60,"width":5,"height":7.017543859649122,"dropZones":["3"],"type":{"library":"H5P.Image 1.1","params":{"decorative":false,"contentName":"Image","expandImage":"élargir l&#039;image","minimizeImage":"réduire l&#039;image","file":{"path":"images/image-PN92PEfb.png","mime":"image/png","copyright":{"license":"U"},"width":467,"height":654},"alt":"génération d&#039;images à partir d&#039;un prompt (type Dall-E ou Midjourney)","title":"génération d&#039;images à partir d&#039;un prompt (type Dall-E ou Midjourney)"},"subContentId":"920a033b-e0a0-4add-8d85-ce9ee5dcb49a","metadata":{"contentType":"Image","license":"U","title":"Sans titre Image","authors":[],"changes":[]}},"backgroundOpacity":100,"multiple":false},{"x":48.387096774193544,"y":67.74193548387096,"width":8.064516129032258,"height":5,"dropZones":["1"],"type":{"library":"H5P.Image 1.1","params":{"decorative":false,"contentName":"Image","expandImage":"élargir l&#039;image","minimizeImage":"réduire l&#039;image","file":{"path":"images/image-8tjyvVTk.png","mime":"image/png","copyright":{"license":"U"},"width":1200,"height":744},"alt":"outil de classification d&#039;images","title":"outil de classification d&#039;images"},"subContentId":"099a2ea0-1a6e-4f06-934c-99e35d0a471b","metadata":{"contentType":"Image","license":"U","title":"Sans titre Image","authors":[],"changes":[]}},"backgroundOpacity":100,"multiple":false}],"dropZones":[{"x":4.838709677419355,"y":16.129032258064516,"width":6.25,"height":6.875,"correctElements":["4"],"showLabel":false,"backgroundOpacity":0,"tipsAndFeedback":{"tip":""},"single":true,"autoAlign":false,"type":{"library":"H5P.DragQuestionDropzone 0.1"},"label":"<div>zone1</div>\n"},{"x":32.25806451612903,"y":16.129032258064516,"width":7.5,"height":6.875,"correctElements":["7"],"showLabel":false,"backgroundOpacity":0,"tipsAndFeedback":{"tip":""},"single":true,"autoAlign":false,"type":{"library":"H5P.DragQuestionDropzone 0.1"},"label":"<div>zone2</div>\n"},{"x":54.83870967741935,"y":16.129032258064516,"width":6.875,"height":6.875,"correctElements":["5"],"showLabel":false,"backgroundOpacity":0,"tipsAndFeedback":{"tip":""},"single":true,"autoAlign":false,"type":{"library":"H5P.DragQuestionDropzone 0.1"},"label":"<div>zone3</div>\n"},{"x":77.41935483870968,"y":16.129032258064516,"width":5.625,"height":6.875,"correctElements":["6"],"showLabel":false,"backgroundOpacity":0,"tipsAndFeedback":{"tip":""},"single":true,"autoAlign":false,"type":{"library":"H5P.DragQuestionDropzone 0.1"},"label":"<div>zone4</div>\n"}]}},"overallFeedback":[{"from":0,"to":100}],"behaviour":{"enableRetry":true,"enableCheckButton":true,"singlePoint":false,"applyPenalties":true,"enableScoreExplanation":true,"dropZoneHighlighting":"always","autoAlignSpacing":2,"enableFullScreen":true,"showScorePoints":true,"showTitle":true},"grabbablePrefix":"Eléments déplaçables {num} de {total}.","grabbableSuffix":"Placed in dropzone {num}.","dropzonePrefix":"Dropzone {num} of {total}.","noDropzone":"Pas de zone de dépôt.","tipLabel":"Montrer l'indice.","tipAvailable":"Indice disponible","correctAnswer":"Bonne réponse","wrongAnswer":"Réponse incorrecte","feedbackHeader":"Commentaire de retour","scoreBarLabel":"Vous avez :num out de :points au total","scoreExplanationButtonLabel":"Montrer l'explication de votre score","a11yCheck":"Check the answers. The responses will be marked as correct, incorrect, or unanswered.","a11yRetry":"Réessayer la tâche. Réinitialiser toutes les réponses et recommencer la tâche.","localize":{"fullscreen":"Plein écran","exitFullscreen":"Sortir du plein écran"}}