{"introPage":{"showIntroPage":false,"startButtonText":"Commencer","introduction":""},"progressType":"dots","passPercentage":50,"questions":[{"params":{"media":{"type":{"params":{"decorative":false,"contentName":"Image","file":{"path":"images\/file-6470b37553f9c.jpg","mime":"image\/jpeg","copyright":{"license":"U"},"width":800,"height":800},"alt":"Notes de musique s&#039;envolant dans un paysage rose"},"library":"H5P.Image 1.1","metadata":{"contentType":"Image","license":"U","title":"Image sans nom"},"subContentId":"99c8b81d-a3d3-4159-a201-a74e7c368ae7"},"disableImageZooming":false},"correct":"false","behaviour":{"enableRetry":true,"enableSolutionsButton":true,"enableCheckButton":true,"confirmCheckDialog":false,"confirmRetryDialog":false,"autoCheck":false,"feedbackOnCorrect":"Bonne r\u00e9ponse ! On observe en bas \u00e0 droite un petit crayon qui est la signature du g\u00e9n\u00e9rateur d&#039;images par intelligence artificielle &quot;Craiyon&quot;.","feedbackOnWrong":"On observe en bas \u00e0 droite un petit crayon qui est la signature du g\u00e9n\u00e9rateur d&#039;images par intelligence artificielle &quot;Craiyon&quot;."},"l10n":{"trueText":"Vrai","falseText":"Faux","score":"Vous avez obtenu @score points sur un total de @total","checkAnswer":"V\u00e9rifier","submitAnswer":"V\u00e9rifier","showSolutionButton":"Voir la solution","tryAgain":"Recommencer","wrongAnswerMessage":"R\u00e9ponse incorrecte","correctAnswerMessage":"Bonne r\u00e9ponse","scoreBarLabel":"Vous avez obtenu @score points sur un total de @total","a11yCheck":"V\u00e9rifiez les r\u00e9ponses.  Les r\u00e9ponses seront marqu\u00e9es comme correcte, incorrecte ou sans r\u00e9ponse.","a11yShowSolution":"Montrer la solution. L&#039;exercice s&#039;affichera avec la solution correcte.","a11yRetry":"R\u00e9essayer l&#039;exercice. R\u00e9initialisez toutes les r\u00e9ponses et recommencer l&#039;exercice depuis le d\u00e9but."},"confirmCheck":{"header":"Terminer ?","body":"Voulez-vous vraiment terminer ?","cancelLabel":"Annuler","confirmLabel":"Confirmer"},"confirmRetry":{"header":"Recommencer ?","body":"Voulez-vous vraiment recommencer ?","cancelLabel":"Annuler","confirmLabel":"Confirmer"},"question":"<p>Cette image a \u00e9t\u00e9 r\u00e9alis\u00e9e avec le logiciel Photoshop \u00e0 partir de plusieurs photos.<\/p>\n"},"library":"H5P.TrueFalse 1.8","metadata":{"contentType":"True\/False Question","license":"U","title":"True\/False Question sans nom"},"subContentId":"c2b4370e-ba28-45b0-9958-cf96f10c8e76"},{"params":{"media":{"type":{"params":{"decorative":false,"contentName":"Image","alt":"Emmanuel Macron assis sur des poubelles \u00e0 Paris","file":{"path":"images\/file-6470c4fe87a2f.jpg","mime":"image\/jpeg","copyright":{"license":"U"},"width":1280,"height":731}},"library":"H5P.Image 1.1","metadata":{"contentType":"Image","license":"U","title":"Image sans nom"},"subContentId":"f9cba6c2-1db7-4b26-bbdc-4a872322a686"},"disableImageZooming":false},"correct":"true","behaviour":{"enableRetry":true,"enableSolutionsButton":true,"enableCheckButton":true,"confirmCheckDialog":false,"confirmRetryDialog":false,"autoCheck":false,"feedbackOnCorrect":"Bonne r\u00e9ponse ! La dentition de la femme compl\u00e8tement \u00e0 gauche est trop importante.","feedbackOnWrong":"Regardez la femme compl\u00e8tement \u00e0 gauche."},"l10n":{"trueText":"Vrai","falseText":"Faux","score":"Vous avez obtenu @score points sur un total de @total","checkAnswer":"V\u00e9rifier","submitAnswer":"V\u00e9rifier","showSolutionButton":"Voir la solution","tryAgain":"Recommencer","wrongAnswerMessage":"R\u00e9ponse incorrecte","correctAnswerMessage":"Bonne r\u00e9ponse","scoreBarLabel":"Vous avez obtenu @score points sur un total de @total","a11yCheck":"V\u00e9rifiez les r\u00e9ponses.  Les r\u00e9ponses seront marqu\u00e9es comme correcte, incorrecte ou sans r\u00e9ponse.","a11yShowSolution":"Montrer la solution. L&#039;exercice s&#039;affichera avec la solution correcte.","a11yRetry":"R\u00e9essayer l&#039;exercice. R\u00e9initialisez toutes les r\u00e9ponses et recommencer l&#039;exercice depuis le d\u00e9but."},"confirmCheck":{"header":"Terminer ?","body":"Voulez-vous vraiment terminer ?","cancelLabel":"Annuler","confirmLabel":"Confirmer"},"confirmRetry":{"header":"Recommencer ?","body":"Voulez-vous vraiment recommencer ?","cancelLabel":"Annuler","confirmLabel":"Confirmer"},"question":"<p>Cette photo a \u00e9t\u00e9 g\u00e9n\u00e9r\u00e9e par l'intelligence artificielle.<\/p>\n"},"library":"H5P.TrueFalse 1.8","metadata":{"contentType":"True\/False Question","license":"U","title":"True\/False Question sans nom"},"subContentId":"ce4298ad-8f36-4c0d-a55d-ad9914a2fdab"},{"params":{"media":{"type":{"params":{"decorative":false,"contentName":"Image","file":{"path":"images\/file-6470c69456d3f.jpg","mime":"image\/jpeg","copyright":{"license":"U"},"width":615,"height":410},"alt":"Femme tenant une tablette de chocolat"},"library":"H5P.Image 1.1","metadata":{"contentType":"Image","license":"U","title":"Image sans nom"},"subContentId":"3387dfd8-a9c0-4729-95bb-c989d0bd8146"},"disableImageZooming":false},"correct":"true","behaviour":{"enableRetry":true,"enableSolutionsButton":true,"enableCheckButton":true,"confirmCheckDialog":false,"confirmRetryDialog":false,"autoCheck":false,"feedbackOnCorrect":"Bonne r\u00e9ponse ! Aucune anomalie n&#039;est observable. En faisant une rapide recherche sur Internet nous nous apercevons que la photo a un titre et qu&#039;elle a \u00e9t\u00e9 prise avec l&#039;appareil photo : Canon EOS 5D Mark III 1\/160s, f 16.0, ISO 100, 80 mm","feedbackOnWrong":"Aucune anomalie n&#039;est observable. En faisant une rapide recherche sur Internet nous nous apercevons que la photo a un titre et qu&#039;elle a \u00e9t\u00e9 prise avec l&#039;appareil photo : Canon EOS 5D Mark III 1\/160s, f 16.0, ISO 100, 80 mm."},"l10n":{"trueText":"Vrai","falseText":"Faux","score":"Vous avez obtenu @score points sur un total de @total","checkAnswer":"V\u00e9rifier","submitAnswer":"V\u00e9rifier","showSolutionButton":"Voir la solution","tryAgain":"Recommencer","wrongAnswerMessage":"R\u00e9ponse incorrecte","correctAnswerMessage":"Bonne r\u00e9ponse","scoreBarLabel":"Vous avez obtenu @score points sur un total de @total","a11yCheck":"V\u00e9rifiez les r\u00e9ponses.  Les r\u00e9ponses seront marqu\u00e9es comme correcte, incorrecte ou sans r\u00e9ponse.","a11yShowSolution":"Montrer la solution. L&#039;exercice s&#039;affichera avec la solution correcte.","a11yRetry":"R\u00e9essayer l&#039;exercice. R\u00e9initialisez toutes les r\u00e9ponses et recommencer l&#039;exercice depuis le d\u00e9but."},"confirmCheck":{"header":"Terminer ?","body":"Voulez-vous vraiment terminer ?","cancelLabel":"Annuler","confirmLabel":"Confirmer"},"confirmRetry":{"header":"Recommencer ?","body":"Voulez-vous vraiment recommencer ?","cancelLabel":"Annuler","confirmLabel":"Confirmer"},"question":"<p>Cette photo n'est pas g\u00e9n\u00e9r\u00e9e par l'intelligence artificielle.<\/p>\n"},"library":"H5P.TrueFalse 1.8","metadata":{"contentType":"True\/False Question","license":"U","title":"True\/False Question sans nom"},"subContentId":"695117ed-35d2-4b93-9a53-e6dd6cca62bf"},{"params":{"media":{"type":{"params":{"decorative":false,"contentName":"Image","file":{"path":"images\/file-6470c82463c24.jpg","mime":"image\/jpeg","copyright":{"license":"U"},"width":1280,"height":853},"alt":"Jardinier accroupi qui met en terre des plants"},"library":"H5P.Image 1.1","metadata":{"contentType":"Image","license":"U","title":"Image sans nom"},"subContentId":"2dcc7dd7-c535-4ca6-ab89-4d554bfbb1be"},"disableImageZooming":false},"correct":"false","behaviour":{"enableRetry":true,"enableSolutionsButton":true,"enableCheckButton":true,"confirmCheckDialog":false,"confirmRetryDialog":false,"autoCheck":false,"feedbackOnWrong":"Le pouce du gant de la main droite du jardinier est ouvert et enroul\u00e9. De plus, le la\u00e7age de la chaussure \u00e0 droite du jardinier est invraisemblable.","feedbackOnCorrect":"Bonne r\u00e9ponse ! Le pouce du gant de la main droite du jardinier est ouvert et enroul\u00e9. De plus, le la\u00e7age de la chaussure \u00e0 droite du jardinier est invraisemblable."},"l10n":{"trueText":"Vrai","falseText":"Faux","score":"Vous avez obtenu @score points sur un total de @total","checkAnswer":"V\u00e9rifier","submitAnswer":"V\u00e9rifier","showSolutionButton":"Voir la solution","tryAgain":"Recommencer","wrongAnswerMessage":"R\u00e9ponse incorrecte","correctAnswerMessage":"Bonne r\u00e9ponse","scoreBarLabel":"Vous avez obtenu @score points sur un total de @total","a11yCheck":"V\u00e9rifiez les r\u00e9ponses.  Les r\u00e9ponses seront marqu\u00e9es comme correcte, incorrecte ou sans r\u00e9ponse.","a11yShowSolution":"Montrer la solution. L&#039;exercice s&#039;affichera avec la solution correcte.","a11yRetry":"R\u00e9essayer l&#039;exercice. R\u00e9initialisez toutes les r\u00e9ponses et recommencer l&#039;exercice depuis le d\u00e9but."},"confirmCheck":{"header":"Terminer ?","body":"Voulez-vous vraiment terminer ?","cancelLabel":"Annuler","confirmLabel":"Confirmer"},"confirmRetry":{"header":"Recommencer ?","body":"Voulez-vous vraiment recommencer ?","cancelLabel":"Annuler","confirmLabel":"Confirmer"},"question":"<p>Cette image n'est pas g\u00e9n\u00e9r\u00e9e par l'intelligence artificielle.<\/p>\n"},"library":"H5P.TrueFalse 1.8","metadata":{"contentType":"True\/False Question","license":"U","title":"True\/False Question sans nom"},"subContentId":"31deefb0-6c20-4534-8614-1218a01115ee"},{"params":{"media":{"type":{"params":{"decorative":false,"contentName":"Image","file":{"path":"images\/file-6470c9d78cc93.jpg","mime":"image\/jpeg","copyright":{"license":"U"},"width":1280,"height":854},"alt":"Chat assis avec une ombre en arri\u00e8re plan"},"library":"H5P.Image 1.1","metadata":{"contentType":"Image","license":"U","title":"Image sans nom"},"subContentId":"ad900d08-82c4-45b2-82ee-2e352eba7d9e"},"disableImageZooming":false},"correct":"true","behaviour":{"enableRetry":true,"enableSolutionsButton":true,"enableCheckButton":true,"confirmCheckDialog":false,"confirmRetryDialog":false,"autoCheck":false,"feedbackOnCorrect":"Bonne r\u00e9ponse ! Elle provient de la banque d&#039;images en ligne Shutterstock : https:\/\/www.shutterstock.com\/fr\/image-photo\/portrait-beautiful-american-shorthair-cat-green-590517398?irclickid=16nSC0SKnxyNWhnSQJRNWxz7UkASDixGxxkHwY0&amp;irgwc=1&amp;utm_campaign=TinEye&amp;utm_content=108110&amp;utm_medium=Affiliate&amp;utm_source=77643&amp;utm_term=","feedbackOnWrong":"Elle provient de la banque d&#039;images en ligne Shutterstock : https:\/\/www.shutterstock.com\/fr\/image-photo\/portrait-beautiful-american-shorthair-cat-green-590517398?irclickid=16nSC0SKnxyNWhnSQJRNWxz7UkASDixGxxkHwY0&amp;irgwc=1&amp;utm_campaign=TinEye&amp;utm_content=108110&amp;utm_medium=Affiliate&amp;utm_source=77643&amp;utm_term="},"l10n":{"trueText":"Vrai","falseText":"Faux","score":"Vous avez obtenu @score points sur un total de @total","checkAnswer":"V\u00e9rifier","submitAnswer":"V\u00e9rifier","showSolutionButton":"Voir la solution","tryAgain":"Recommencer","wrongAnswerMessage":"R\u00e9ponse incorrecte","correctAnswerMessage":"Bonne r\u00e9ponse","scoreBarLabel":"Vous avez obtenu @score points sur un total de @total","a11yCheck":"V\u00e9rifiez les r\u00e9ponses.  Les r\u00e9ponses seront marqu\u00e9es comme correcte, incorrecte ou sans r\u00e9ponse.","a11yShowSolution":"Montrer la solution. L&#039;exercice s&#039;affichera avec la solution correcte.","a11yRetry":"R\u00e9essayer l&#039;exercice. R\u00e9initialisez toutes les r\u00e9ponses et recommencer l&#039;exercice depuis le d\u00e9but."},"confirmCheck":{"header":"Terminer ?","body":"Voulez-vous vraiment terminer ?","cancelLabel":"Annuler","confirmLabel":"Confirmer"},"confirmRetry":{"header":"Recommencer ?","body":"Voulez-vous vraiment recommencer ?","cancelLabel":"Annuler","confirmLabel":"Confirmer"},"question":"<p>Cette image est une vraie photo.<\/p>\n"},"library":"H5P.TrueFalse 1.8","metadata":{"contentType":"True\/False Question","license":"U","title":"True\/False Question sans nom"},"subContentId":"a4681cbf-a74b-4512-a62a-9429f6591244"}],"disableBackwardsNavigation":false,"randomQuestions":false,"endGame":{"showResultPage":true,"showSolutionButton":true,"showRetryButton":true,"noResultMessage":"Termin\u00e9","message":"Vos r\u00e9sultats :","scoreBarLabel":"Vous avez obtenu @finals sur @totals points","overallFeedback":[{"from":0,"to":100}],"solutionButtonText":"Voir la solution","retryButtonText":"Recommencer","finishButtonText":"Terminer","submitButtonText":"Soumettre","showAnimations":false,"skippable":false,"skipButtonText":"Passer la vid\u00e9o"},"override":{"checkButton":true},"texts":{"prevButton":"Retour","nextButton":"Suivant","finishButton":"Terminer","submitButton":"V\u00e9rifier","textualProgress":"Question @current sur @total","jumpToQuestion":"Question %d sur %total","questionLabel":"Question","readSpeakerProgress":"Question @current sur @total","unansweredText":"Pas de r\u00e9ponse donn\u00e9e","answeredText":"R\u00e9ponse donn\u00e9e","currentQuestionText":"Question en cours","navigationLabel":"Questions"}}