{"title":"Drag N Bar","contentType":"API","description":"Creates a menu bar with items that can be dropped into the specified container.","majorVersion":1,"minorVersion":5,"patchVersion":22,"runnable":0,"machineName":"H5P.DragNBar","author":"Joubel","coreApi":{"majorVersion":1,"minorVersion":24},"preloadedJs":[{"path":"scripts/drag-n-bar.js"},{"path":"scripts/context-menu.js"},{"path":"scripts/dialog.js"},{"path":"scripts/drag-n-bar-element.js"},{"path":"scripts/drag-n-bar-form-manager.js"}],"preloadedCss":[{"path":"styles/drag-n-bar.css"},{"path":"styles/dialog.css"},{"path":"styles/context-menu.css"},{"path":"styles/drag-n-bar-form-manager.css"}],"preloadedDependencies":[{"machineName":"H5P.DragNDrop","majorVersion":1,"minorVersion":1},{"machineName":"H5P.DragNResize","majorVersion":1,"minorVersion":2},{"machineName":"H5P.FontIcons","majorVersion":1,"minorVersion":0}]}
